{
  "train": {
    "loss": 0.34780023654927267,
    "accuracy": 0.9291818384483912,
    "f1_macro": 0.8648840501524269,
    "f1_E": 0.8829979181124219,
    "f1_I": 0.7861783815711755,
    "f1_A": 0.831672203765227,
    "f1_O": 0.9586876971608833
  },
  "validation": {
    "loss": 0.6103842859670149,
    "accuracy": 0.890114788810877,
    "f1_macro": 0.8002726429595115,
    "f1_E": 0.7980613893376414,
    "f1_I": 0.7076923076923077,
    "f1_A": 0.7608695652173914,
    "f1_O": 0.9344673095907055
  },
  "metadata": {
    "task_name": "toxscan_intent_classification",
    "task_type": "text_classification",
    "dataset": "CONDA (CONtextual Dual-Annotated)",
    "num_classes": 4,
    "label_map": {
      "E": 0,
      "I": 1,
      "A": 2,
      "O": 3
    },
    "model": "TransformerEncoderClassifier",
    "description": "4-class utterance-level intent classification on in-game chat. Transformer encoder over a learned vocabulary with [CLS] pooling."
  }
}