{
  "train": {
    "loss": 0.13436449301710143,
    "accuracy": 0.8578885022580884,
    "f1_macro": 0.8449725868065173,
    "f1_E": 0.8957650078425781,
    "f1_I": 0.8920194122404961,
    "f1_A": 0.911641710508566,
    "f1_O": 0.6804642166344294
  },
  "validation": {
    "loss": 0.7635967072855111,
    "accuracy": 0.6011367435640254,
    "f1_macro": 0.538543271618644,
    "f1_E": 0.6234643734643734,
    "f1_I": 0.40710960643250105,
    "f1_A": 0.4502432551968156,
    "f1_O": 0.6733558513808862
  },
  "metadata": {
    "task_name": "toxscan_intent_classification",
    "task_type": "text_classification",
    "dataset": "CONDA (CONtextual Dual-Annotated)",
    "num_classes": 4,
    "label_map": {
      "E": 0,
      "I": 1,
      "A": 2,
      "O": 3
    },
    "model": "SentenceTransformerClassifier",
    "description": "4-class utterance-level intent classification on in-game chat. Frozen pretrained Sentence Transformer + MLP head."
  }
}