{
  "train": {
    "loss": 0.26581302058640777,
    "accuracy": 0.9510292041316787,
    "f1_macro": 0.9035722503750159,
    "f1_E": 0.9231200897867564,
    "f1_I": 0.8468354430379746,
    "f1_A": 0.8725542041248017,
    "f1_O": 0.9717792645505308
  },
  "validation": {
    "loss": 0.8637387333338371,
    "accuracy": 0.9059400423492701,
    "f1_macro": 0.8143182310085125,
    "f1_E": 0.8507588532883642,
    "f1_I": 0.7129909365558912,
    "f1_A": 0.7482352941176471,
    "f1_O": 0.945287840072148
  },
  "metadata": {
    "task_name": "toxscan_intent_classification",
    "task_type": "text_classification",
    "dataset": "CONDA (CONtextual Dual-Annotated)",
    "num_classes": 4,
    "label_map": {
      "E": 0,
      "I": 1,
      "A": 2,
      "O": 3
    },
    "model": "TransformerEncoderClassifier",
    "description": "4-class utterance-level intent classification on in-game chat. BPE subword tokens + char n-gram embeddings + TF-IDF bias."
  }
}