{
  "train": {
    "loss": 0.3470411600584868,
    "accuracy": 0.9295905476703574,
    "f1_macro": 0.8658151280392159,
    "f1_E": 0.8830199115044248,
    "f1_I": 0.7860520094562647,
    "f1_A": 0.8352810239287701,
    "f1_O": 0.9589075672674037
  },
  "validation": {
    "loss": 0.6131650286318993,
    "accuracy": 0.8913406887328653,
    "f1_macro": 0.8007579192763956,
    "f1_E": 0.8022782750203418,
    "f1_I": 0.706199460916442,
    "f1_A": 0.7590260285474392,
    "f1_O": 0.9355279126213593
  },
  "metadata": {
    "task_name": "toxscan_intent_classification",
    "task_type": "text_classification",
    "dataset": "CONDA (CONtextual Dual-Annotated)",
    "num_classes": 4,
    "label_map": {
      "E": 0,
      "I": 1,
      "A": 2,
      "O": 3
    },
    "model": "TransformerEncoderClassifier",
    "description": "4-class utterance-level intent classification on in-game chat. Transformer encoder over a learned vocabulary with [CLS] pooling."
  }
}