{
  "train": {
    "loss": 0.1312912378566353,
    "accuracy": 0.8573233261499591,
    "f1_macro": 0.8441778720584692,
    "f1_E": 0.8975475257582354,
    "f1_I": 0.9038500575140402,
    "f1_A": 0.8979510111459654,
    "f1_O": 0.677362893815636
  },
  "validation": {
    "loss": 0.7520759364464105,
    "accuracy": 0.6020283071436532,
    "f1_macro": 0.538730904620394,
    "f1_E": 0.6330845771144279,
    "f1_I": 0.42618510158013545,
    "f1_A": 0.4211822660098522,
    "f1_O": 0.6744716737771604
  },
  "metadata": {
    "task_name": "toxscan_intent_classification",
    "task_type": "text_classification",
    "dataset": "CONDA (CONtextual Dual-Annotated)",
    "num_classes": 4,
    "label_map": {
      "E": 0,
      "I": 1,
      "A": 2,
      "O": 3
    },
    "model": "SentenceTransformerClassifier",
    "description": "4-class utterance-level intent classification on in-game chat. Frozen pretrained Sentence Transformer + MLP head."
  }
}