{
  "train": {
    "loss": 0.14457369839920622,
    "accuracy": 0.8582399643837649,
    "f1_macro": 0.8472426572862857,
    "f1_E": 0.8971935436963793,
    "f1_I": 0.8903960933260987,
    "f1_A": 0.9095582763985659,
    "f1_O": 0.691822715724099
  },
  "validation": {
    "loss": 0.7450295600284461,
    "accuracy": 0.6034770979605483,
    "f1_macro": 0.539448387888602,
    "f1_E": 0.6347417840375587,
    "f1_I": 0.40202702702702703,
    "f1_A": 0.44405594405594406,
    "f1_O": 0.6769687964338782
  },
  "metadata": {
    "task_name": "toxscan_intent_classification",
    "task_type": "text_classification",
    "dataset": "CONDA (CONtextual Dual-Annotated)",
    "num_classes": 4,
    "label_map": {
      "E": 0,
      "I": 1,
      "A": 2,
      "O": 3
    },
    "model": "SentenceTransformerClassifier",
    "description": "4-class utterance-level intent classification on in-game chat. Frozen pretrained Sentence Transformer + MLP head."
  }
}